watchers,forks
28,12
8,4
4,0
1,2
1,0
39,7
1,0
7,2
1,0
1,0
3,0
45,69
4,5
4,1
83,24
1,0
2,0
2,0
1,0
1,0
1,0
1,0
9,6
5,6
24,17
3,0
3,2
1,0
1,0
3,1
4,0
1,0
1,0
1,0
1,1
2,0
1,0
1,0
4,2
8,3
89,27
1,0
64,54
1,0
2,0
2,0
2,0
51,23
1,0
2,4
1,0
3,3
2,0
1,0
30,21
6,7
5,9
4,7
6,3
2,3
2,0
5,0
2,0
2,0
4,1
1,0
1,0
2,0
1,0
1,0
1,0
2,0
2,0
239,96
1,0
2,0
4,2
1,0
1,0
2,0
2,0
20,6
6,5
33,2
3,6
4,3
2,0
1,0
2,0
1,0
1,0
1,0
1,0
1,0
6,1
1,0
1,0
1,0
1,0
2,2
4,1
1,0
1,0
23,11
13,8
16,4
20,1
2,2
3,1
5,5
2,0
2,0
2,0
4,0
2,0
5,2
2,0
1,0
1,0
1,0
1,0
3,1
99,57
2,0
1,0
16,3
9,4
8,1
17,0
4,2
2,0
1,0
1,0
1,0
1,0
1,0
2203,1014
1,0
6,15
21,7
5,5
31,10
4,4
5,5
4,4
13,5
2,1
1,2
1,0
1,1
1,0
1,0
450,79
1,0
1,0
42,26
1,0
2,0
12,4
7,5
4,21
3,2
1,3
5,2
2,0
1,0
1,1
1,0
1,0
1,0
24,13
1,0
2,0
1,0
1,1
1,0
1,0
1,1
1,0
1,0
1,0
40,33
1,1
2,0
7,14
79,56
7,1
4,0
2,1
2,0
1,0
3,1
2,0
1,0
1,0
3,1
1,0
71,31
1,0
302,76
13,8
5,10
6,0
6,1
2,3
8,1
3,2
2,0
4,1
6,6
1,0
1,0
2,2
4,1
1,0
1,0
1,1
2,1
1,0
16,9
1,0
184,19
2,1
2,0
1,0
2,2
1,0
1,0
1,0
11,6
8,3
6,5
10,2
2,3
1,0
1,0
4,0
1,0
5,0
3,0
1,0
2,0
1,0
33,6
1,0
1,0
2,0
18,46
1,0
19,57
48,25
4,6
5,5
2,3
1,8
2,4
2,4
1,3
2,2
1,3
2,0
133,15
1,0
1,0
1,0
1,0
1,0
1,0
3,0
1,0
1,0
1,0
1,0
1,0
6,0
1,0
1,0
6,1
5,8
1,0
1,0
1,1
2,1
4,0
3,0
14,17
5,6
5,7
9,4
4,8
1,0
2,0
22,7
1,0
1,0
1,0
1,0
1,0
1,0
1,0
1,0
5,0
1,0
23,85
12,21
4,2
14,4
5,4
2,0
2,2
5,1
1,0
5,4
1,0
1,0
1,0
4,0
7,1
20,10
1,0
1,0
1,0
1,0
18,14
2,0
1,0
199,462
2,0
19,6
3,7
23,11
4,4
3,2
7,3
7,0
4,1
1,0
1,2
1,0
1,0
1,0
1,0
1,0
1,0
1,0
1,0
2,0
2,2
1313,277
1,0
1,0
1,0
2,0
523,56
1,0
16,7
1,0
313,60
2,1
8,2
82,30
3,1
14,6
7,3
2,0
15,10
2,1
1,0
1,0
3,1
1,0
1,0
2,0
1,0
2,0
1,0
1,0
2,1
1,0
388,227
5,3
49,15
4,0
5,0
2,1
1,0
1,0
1,0
1,0
1,0
2,1
1,0
1,0
2,4
8,0
26,0
1,0
395,56
1,0
1,0
3,2
7,5
1,0
1,0
3,0
186,50
1,0
3,1
1,0
1,0
3,1
2,0
2,0
7,0
1,0
1,0
3,1
1,0
33,6
22,9
11,10
1,0
6,6
2,0
8,2
2,0
1,0
25,16
1,3
1,0
1,0
1,0
1,0
6,1
2,0
1,0
1180,262
2,0
1,0
1,0
1,0
1,0
1,0
1,0
2,0
1,0
1,0
1,0
1,0
1,0
1,0
1,0
1,0
2,0
1,0
52,29
61,157
5,25
14,18
3,1
1,0
3,0
93,24
25,8
11,0
2,0
173,29
1,0
1,0
3,1
29,12
2,0
1,0
1,0
1,0
2,0
1,0
1,0
1,0
1,0
3,0
1,0
15,6
18,10
3,2
1,0
2,0
2,0
1,2
3,0
1,0
2,1
1,0
1,1
1,0
2,0
1,0
34,18
1,0
1,0
9,1
1,0
1,0
1,0
473,169
9,1
3,0
3,0
1,0
1,0
1,0
1,0
1,0
1,0
2,0
1,0
3,1
9,4
1,0
1,0
1,1
3,1
1,1
18,16
10,4
9,1
2,1
12,7
2,0
1,0
1,0
3,1
2,0
12,8
4,0
1,0
2,0
3,3
4,0
2,0
10,1
2,0
2,1
5,2
3,1
1,0
1,0
1,0
1,0
1,0
1,0
1,1
1,0
1,0
2,0
1,0
1,0
1,0
1,0
27,59
18,3
3,8
1,152
96,22
3,0
2,0
4,1
2,0
2,2
1,0
4,1
1,0
2,0
1,0
1,0
16,2
1,0
1,0
5,1
1,2
1,0
44,31
11,1
1,0
1,0
1,0
1,0
1,0
1,0
1,0
1,0
1,0
1,0
1,0
3,0
6,0
8,0
190,65
5,8
5,5
4,1
1,0
33,18
3,1
1,0
1,1
1,0
1,0
1,0
3,0
2,0
3,0
1,0
1,0
1,0
1,0
1,0
1,0
1,0
2,0
9,4
2,1
2,0
5,0
81,27
107,50
2,1
2,1
2,0
1,0
2,1
20,2
15,0
1,0
2,0
1,0
1,0
1,0
1,1
1,0
1,0
1,0
1,0
3,0
3,0
2,0
1,0
7,1
2,2
5,0
2,0
2,1
4,1
1,0
1,0
2,0
1,0
2,0
5,2
35,15
1,0
9,1
1,0
3,1
1,0
266,64
3,1
1,0
283,139
44,36
229,29
14,13
18,9
4,0
4,1
1,0
1,1
2,1
3,0
1,0
1,0
1,0
1,0
1,0
1,0
3,1
1,0
9,2
1,0
1,0
3,0
6,3
2,1
47,10
212,153
11,7
5,0
2,0
2,0
2,0
2,0
1,0
1,0
1,0
1,0
1,0
3,0
2,0
2,0
1,1
1,0
1,0
1,0
61,6
3,0
37,6
1772,1131
235,94
18,3
4,3
18,5
1,0
1,0
4,2
1,0
6,1
3,1
3,1
1,0
1,0
1,0
1,0
1,0
4,0
1,0
2,0
13,2
1,0
1,0
29,61
33,7
17,6
17,5
10,0
2,0
2,0
2,0
3,0
1,1
1,0
1,0
1,0
2,1
1,0
4,3
5,0
1,0
205,72
2,0
12,3
2,2
2,0
2,1
2,3
1,0
1,0
1,0
1,0
1,0
1,0
6,0
1,0
1,0
38,33
3,1
1,1
15,73
22,4
2,5
4,0
3,0
11,10
1,0
3,3
4,0
1,0
1,0
1,0
1,0
1,0
9,1
2,1
2,3
3,0
1,0
38,158
90,11
7,3
2,2
2,0
9,2
1,0
1,0
1,0
1,0
10,0
1,0
3,0
2,1
1,0
1,0
15,1
2,0
8,3
66,5
127,55
33,5
3,1
1,0
3,0
6,1
14,23
22,9
21,4
25,6
6,2
6,4
1,0
8,0
1,0
1,0
1,0
2,0
1,0
1,0
5,1
1,0
1,0
3,1
1,0
3,0
1,0
1,0
7,0
35,16
1,0
8,7
9,6
4,2
29,17
8,6
2,1
2,0
2,2
2,1
1,0
1,0
17,3
5,1
1,0
1,0
1,0
3,0
13,4
1,0
1,0
11,2
1,0
1,0
11,1
1,0
2,0
1,0
3,3
1,0
4,2
554,226
3,3
2,3
1,2
9,0
1,0
1,0
1,0
1,0
6,0
1,0
1,0
1,0
23,5
1,0
3,0
1,0
4,0
58,8
1,0
13,9
23,31
1,0
1,0
4,1
1,0
1,0
2,0
3,0
4,0
1,0
1,0
1,0
1,0
17,4
1,0
473,241
7,1
1,0
55,29
86,38
46,39
1,5
9,5
6,5
4,3
6,0
3,3
1,3
6,0
2,0
6,0
3,1
2,0
1,1
1,0
6,0
3,3
1,1
2,0
457,73
1,0
1,0
1,0
3,1
7,0
2,0
2,0
721,159
45,24
13,5
11,5
8,4
57,25
8,2
3,0
2,3
4,2
1,0
1,0
3,0
1,0
1,0
7,0
1,0
1,0
6,3
1,0
82,35
1,0
1,0
727,372
9,5
12,7
2,2
1,0
10,2
5,1
8,4
2,0
1,0
1,0
1,0
1,0
1,0
1,0
2,0
1,0
1,0
5,4
2,0
3,1
11,3
14,2
2,0
290,219
29,41
58,33
17,8
11,2
4,4
29,21
4,1
4,4
2,0
3,0
1,0
1,0
53,12
1,0
1,0
1,0
1,0
1,0
1,0
2,0
1,1
1,0
3,0
1,0
3,0
1,0
2,1
1,0
574,445
1,0
12,6
14,5
26,12
2,0
1,0
1,0
1,0
3,0
2,0
5,1
1,0
1,0
4,0
1,0
1,0
5,4
2,0
3,1
1,0
1,0
1,0
4,3
1,0
1,0
18,10
1,0
2,0
1,0
1,0
330,113
2,0
2,3
1,0
3,2
6,0
3,0
3,1
85,54
6,3
1,0
1,0
1,0
12,0
1,0
1,0
2,1
1,0
2,0
11,1
1,0
5549,2708
774,278
367,60
9,11
16,7
2,0
14,3
8,0
1,0
1,0
1,0
1,0
1,0
1,0
1,0
47,62
3,0
1,1
1,1
1,0
14,9
436,150
1,0
1,0
1,0
3,6
140,50
6,1
26,9
1,0
2,0
2,0
4,3
10,2
1,0
2,3
1,0
24,10
4,2
1,2
11,8
1,0
1,0
1,0
1,0
1,0
1,0
1,0
1,1
1,0
135,34
2,0
1,1
4,5
119,45
1,0
1,0
8,1
1,1
2,0
6,2
15,3
14,4
1,0
1,0
1,0
1,0
1,0
1,0
1,0
2,0
3,2
1,0
1,0
1,0
1,0
2,0
1,0
1,0
20,11
2,1
1,0
2,0
1,0
3,3
1,0
1,0
1,0
1,0
1,0
1,0
3,2
1,0
1,1
1,1
15,2
1,0
1,1
1,0
1,0
2,0
1,0
3,0
2,0
1,0
2,0
1,1
1,0
1,0
6,1
6,3
13,8
2,2
3,4
6,2
16,4
1,0
1,0
1,0
1,0
1,0
1,0
1,1
1,0
1,0
1,0
1,1
1,0
4,1
5,3
2,0
1,0
20,8
18,3
1,0
1,0
100,55
32,14
8,6
8,5
9,2
371,76
1,0
3,3
5,1
2,0
2,1
1,0
1,0
415,168
8,1
1,0
99,14
3,1
4,4
3,1
1,0
2,0
3,1
2,0
1,0
41,18
1,0
1,0
25,13
4,5
9,4
1,0
2,1
2,0
1,0
1,0
1,1
3,2
1,1
7,6
1,0
2,0
1,0
1,0
2,0
1,0
1,1
2,0
2,0
1,0
174,197
11,25
35,14
47,34
164,103
7,6
2,0
1,0
8,2
2,0
2,2
1,0
2,0
1,1
11,4
1,0
1,0
1,0
2,0
1,0
1,0
4,1
1,0
6,0
1,0
6,0
1,0
2,0
2,0
1,0
3,0
1,0
16,12
2,0
19,2
1,0
2,0
4,1
2,0
2,1
1,1
2,0
3,0
1,0
1,0
2,0
1,1
1,0
6,4
1,1
1,35
1,0
1,0
3,0
2,1
4,1
1,0
1,0
1,1
8,6
1,0
3,1
9,9
1,0
1,0
1,0
1,0
1,0
3,2
83,53
1,27
4,2
4,4
9,3
5,0
1,0
1,0
1,0
1,0
1,0
3,1
1,0
1,0
1,0
1,0
1,0
1,0
1,1
1,0
10,3
1,0
1,0
1,0
1,0
1,0
2,1
38,8
1,0
22,16
1,0
1,0
2,0
22,3
1,0
2,0
1,0
18,6
16,68
7,3
6,1
2,0
1,0
1,0
1,0
1,0
6,2
1,0
1,1
1,0
1,0
1,0
1,0
2,1
1,0
1,0
2,3
1,0
1,0
1,0
1,0
1,0
1,0
1,0
72,24
3,2
7,3
1,0
4,3
2,0
1,0
1,0
2,1
2,0
2,0
1,0
154,44
2,0
1,1
1,0
1,0
41,9
1,0
4,1
1,0
1,0
7,5
31,8
13,7
1,0
12,7
1,0
1,0
1,0
1,0
3,0
1,0
1,0
1,0
1,0
1,0
1,0
1,0
2,0
2,0
1,0
36,12
16,6
7,3
6657,3856
16,9
13,2
11,4
18,12
10,2
9,2
1,0
1,0
1,0
1,0
4,2
7,0
1,0
2,0
7,1
11,4
3,0
519,90
2,1
1,0
126,43
1,0
1,0
1,2
1,0
1,0
1,0
49,10
1,1
3,0
2,0
1,0
194,64
102,33
5,4
4,1
1,0
2,0
3,0
1,0
3,0
1,0
1,0
1,0
1,0
1,0
1,0
1,0
1,0
1,0
1,0
1,0
9,9
20,4
9,4
3,2
5,32
3,1
2,2
3,2
2,0
4,0
2,0
1,0
2,1
5,1
4,1
39,7
1,0
1,0
2,1
1,0
1,0
1,0
1,0
2,0
1,0
2,0
1,0
1,0
1,0
1,0
2,0
1,0
7,2
1,0
1,0
1,0
1,0
1,0
3,0
2,0
2,1
987,176
1,0
5,2
11,7
7,4
6,4
3,1
1,0
2,0
435,39
1,0
1,2
1,0
1,0
4,2
1,1
1,0
2,0
1,0
1,0
2,0
1,0
2,0
3,0
1,0
1,0
1,0
1,0
1,0
26,9
2,0
53,31
1,0
488,179
4,1
91,101
867,411
7,5
5,6
87,20
1,2
3,1
69,35
1,0
1,0
1,0
1,0
4,0
1,0
1,0
1,0
2,0
44,13
131,30
27,12
1,0
1,0
3,1
1,0
1,0
14,1
1,0
3,0
1,0
1,0
1,0
3,3
2,0
3,1
1,0
3,1
1,0
1,0
1,0
1,0
1,0
1,0
2,0
1,1
1,1
3,1
1,0
1,0
1,0
1,0
1,0
2,0
2,0
1,0
1,0
1,0
22,13
3,2
7,1
1,0
8,2
1,0
1,0
2,1
100,39
1,0
1,0
1,0
1,0
1,0
580,83
2,1
1,0
36,9
37,16
18,6
3,2
2,0
5,0
1,0
1,1
1,0
1,0
23,4
5,0
1,0
4,1
1,0
146,13
1,0
1,0
1,0
2,0
1,0
5,0
1,0
2,0
1,0
4,1
62,16
3,2
2,0
1,0
2,1
33,15
1,0
1,0
1,0
1,0
376,201
1,0
3,0
1,0
1,0
1,0
1,0
2,2
1,1
73,28
1,1
2,0
1,0
1,0
12,10
16,11
5,2
99,23
4,2
1,0
1,0
1,0
89,11
2,0
3,0
1,0
2,1
1,0
1,0
1,0
4,1
1,0
1,0
1,0
1,2
7,6
1,0
1,0
5,1
1,0
4,0
1,1
1,0
1,0
2,0
1,0
1,0
1,0
1,0
1,0
2,1
1,0
142,30
1,0
1,1
1,0
1,0
10,2
1,0
8,3
1,0
1,0
1,0
10,3
1,0
4,0
11,2
30,0
1,0
2,0
1,1
1,0
1,0
4,0
35,15
1,0
2,1
1,0
1,1
1,0
13,8
45,12
6,4
7,9
2,0
2,4
1,0
3,0
4,0
1,0
2,4
1,1
193,91
1,0
1,0
1,0
1,0
1,0
1,0
1,0
1,0
3,1
7,0
14,6
1,0
1,0
2,0
1,0
1,0
1,0
1,0
2,0
1,0
37,28
1,9
144,119
6,0
2,1
6,2
2,0
3,2
1,0
1,0
1,0
1,0
1,0
3,1
1,0
1,0
1,0
1,0
4,0
1,0
1,2
13,1
4,0
10,6
4,2
2,2
10,0
4,2
5,1
2,1
1,0
1,0
1,0
1,0
1,0
1,0
1,0
1,0
1,0
1,0
1,0
1,0
1,0
1,0
5,0
2,1
1,0
1,0
1,0
13,1
2,1
1,0
9,0
1,1
3,1
1,0
1,0
1,1
1,0
1,0
1,0
1,0
5,1
3,0
1,0
10,1
5,0
5,0
1,0
1,0
1,0
53,98
1,0
3,3
4,0
3,1
10,5
1,0
1,0
2,0
18,5
7,1
1,0
2,0
1,0
1,0
1,0
1,0
1,0
1,0
2,2
1,0
1,0
1,0
1,0
1,0
1,0
1,0
1,0
1,0
1,0
1,0
1,0
1,0
1,0
1,0
1,0
1,2
1,0
1,0
1,0
11,4
1,0
1,0
1,0
1,0
1,1
1,0
2,0
1,0
1,0
583,98
6,5
2,0
2,0
2,1
1,0
1,0
1,0
2,1
1,0
2,1
2,0
1,0
2,1
2,0
1,1
6,3
1,0
1,0
2,0
1,0
2,0
2,0
2,1
4,2
9,4
2,0
1,0
3,2
1,0
2,0
1,0
4,1
1,0
1,0
1976,420
3,0
1,0
13,4
2,0
149,59
1,0
1,0
2,0
2,0
2,1
1,0
399,76
1,0
71,19
1,0
26,4
33,33
4,2
5,5
13,0
1,0
5,1
1,0
2,2
1,0
1,0
1,0
1,0
17,8
1,0
1,1
3,2
3,0
1,0
2,0
10,1
4,2
2,0
14,11
2,1
1,0
37,4
3,1
43,24
46,20
2,2
41,23
9,13
1,0
1,0
19,4
2,0
1,0
1,0
1,0
1,0
1,0
1,0
169,25
1,0
1,1
3,0
71,27
1,0
1,0
25,7
26,6
2,1
1,0
3,0
1,0
1,0
1,0
1,0
5,6
3,1
87,31
1,0
1,0
1,0
2,1
1,0
1,1
1,0
1,0
4,0
2,1
1,0
1,0
11,43
22,7
7,5
6,0
3,0
7,0
2,0
2,2
2,2
1,0
2,1
1,0
1,0
1,0
1,0
1,0
1,0
1,0
1,0
1,0
1,0
2316,337
2,0
1,0
2,0
2,2
3,0
4,0
3,2
3,1
18,33
3,11
79,45
2,1
8,5
35,84
2,1
2,1
1,0
2,1
1,0
1,1
2,2
1,0
1,0
1,1
1,0
1,0
6,9
1,0
1,0
1,0
5,3
12,10
2,17
3,1
1,12
1,0
5,5
2,0
1,0
3,4
41,28
3,0
10,0
1,4
13,3
1,0
1,0
1,0
2,1
1,0
1,3
1,0
1,0
2,1
1,0
1,0
1,1
1,0
1,0
1,0
4,3
1,0
3,1
8,9
3,7
20,6
2,0
1,0
1,0
1,1
1,0
2,0
5,1
186,35
1,0
1,0
1,0
2,0
1,0
1,0
2,0
131,16
1,0
1,0
2,0
1,0
2,0
1,0
10,0
1,0
2,1
1,0
1,0
2,0
1,0
1,0
139,81
8,12
11,1
13,10
1,0
1,0
2,0
2,0
2,1
5,1
1,0
25,7
1,0
4,4
1,0
1,0
1,0
1,0
2,0
3,0
11,4
1,0
1,2
2,1
2,0
1,0
1,0
1,0
1,0
2,0
1,1
1,0
1,1
3,1
1,0
1,0
1,0
2,0
57,29
7,2
1,0
1,0
1,0
1,0
6,7
2,9
2,5
7,2
1,0
1,0
5,1
2,0
2,5
1,0
1,0
1,0
1,1
2,0
1,0
2,0
1,0
159,56
1,0
1,0
1,0
3,0
1,0
1,0
1,0
75,33
1,36
4,0
5,3
12,4
1,0
8,4
4,2
15,7
128,29
1,0
1,0
1,0
2,1
2,1
1,0
1,1
1,0
1,0
3,0
2,2
2,0
1,0
1,0
1,1
1,0
1,0
1,0
3,0
2,3
1,0
9,1
3,0
9,9
9,11
1,0
1,0
1,0
1,0
1,0
1,0
1,0
3,3
2,0
2,0
1,0
2,0
1,0
1,0
1,0
1,0
7,4
2,1
1,0
42,32
32,19
2,3
5,2
4,5
6,1
1,0
2611,1493
1,0
2,0
2,2
1,18
1,0
64,15
1,0
1,0
11,2
109,16
4,17
1,0
1,0
1,0
1,0
1,0
1,0
37,13
943,461
189,87
1,0
14,18
11,13
68,11
3,2
8,0
615,322
5,0
1,0
2,1
7,1
1,0
1,0
1,0
2,0
3,0
1,0
1,0
1,0
1,0
1,0
1,0
2,0
1,1
209,42
1,0
11,4
1,0
4,3
1,0
3,1
1,0
1,0
2,0
4,1
1,0
13,14
6,2
6,2
2,0
3,0
1,0
6,1
1,0
1,2
2,1
1,0
21,7
62,24
3,0
2,0
1,0
1,0
8,5
1,0
1,0
3,1
1,0
1,0
2,1
24,8
27,20
11,11
8,9
2,0
1,0
2,2
1,0
1,0
14,6
1,0
1,0
1,0
1,0
3,1
2,0
1,0
1,0
1,0
1,0
54,23
1,0
1,0
2,0
2,0
1,0
2,1
19,6
2,6
2,1
2,0
1,0
1,0
2,0
1,0
32,12
6,3
1,0
1,0
1,0
3,0
1,0
1,0
1,0
1,0
1,0
2,0
2,0
1,0
1,0
1,0
1,0
1,1
1,0
54,60
12,5
14,8
44,22
2,0
833,262
4,2
2,0
1,0
4,5
12,1
1,0
2,0
1,0
2,0
3,0
3,0
1,0
1,0
1,0
1,0
1,0
26,3
2,0
914,265
16,42
67,68
27,9
6,4
4,2
10,2
1,0
1,0
6,2
1,0
3,3
1,0
1,0
3,2
3478,397
1,0
1,0
6,1
2,0
1,0
1,0
36,3
689,71
88,23
3,1
3,1
1,2
1,0
2,5
7,1
7,1
7,4
10,4
2,0
2,0
1,1
1,0
1,2
1,0
1,0
1,0
2,1
1,0
1,0
1,0
1,0
1,0
1,0
1220,231
1,1
2,0
16,8
1,1
2,0
30,27
1,0
150,34
14,9
14,8
4,16
2,1
1,0
5,6
10,4
1,0
2,3
1,0
9,0
3,0
2,0
1769,155
1,0
1,0
1,0
1,0
2,2
1,0
9,2
3,0
1,1
45,11
6,5
16,6
68,13
16,7
2,0
8,0
5,0
3,1
19,6
5,2
1,0
10,4
1,0
1,1
1,0
9,2
86,17
3,0
1,0
1,0
3,4
1,0
4,2
6,4
1,0
1,0
1,0
1,0
3,3
4,0
3,1
1,0
1,0
4,0
1,0
1,0
1,0
1,0
1,0
1,1
2,2
281,70
1,0
1,0
1,0
26,24
2,0
5,2
1,0
2,0
2,0
1,0
1281,265
1,0
5,1
1,0
1,1
1,0
1,0
1,0
21,9
110,11
1,0
2,0
1,0
190,99
1,12
16,1
9,9
1,0
1,0
1,0
1,0
13,9
2,0
1,0
2,0
1,0
2,0
1,0
1,0
1,0
1,0
6,1
1,0
3,0
1,0
2,0
1,0
2,3
30,19
30,37
10,20
23,13
38,33
7,4
8,3
7,6
5,2
2,0
4,2
1,0
1,0
1,0
1,0
1,0
1,0
5,1
1,0
1,0
3,1
1,0
1,0
1,0
2,0
1,0
1,0
2,0
1,0
1,0
1,0
8,2
2,1
2,0
4,0
1,0
176,22
1,0
3,2
15,2
4,2
2,1
3,1
1,2
2,1
3,1
1,0
1,0
1,0
1,0
1,0
1,0
1,0
1,0
1,0
1,0
1,0
1,1
1,0
2,0
21,1
1,0
1,0
3,0
1,1
1,0
1,0
21,96
31,120
8,8
2,3
3,1
1,0
1,2
1,0
1,0
1,0
2,0
1,0
1,0
1,0
2,0
1,0
1,0
7,3
1,0
7,5
1,0
1,0
1,1
10,5
1,0
3,2
2,0
2,0
1,0
1,0
1,0
1,0
1,0
20,3
3,1
1,0
2,1
10,3
1,0
10,1
1,0
4,1
1,0
42,10
13,14
26,9
2,0
9,8
1,0
5,1
1,1
1,0
5,3
1,1
1,0
1,0
2,0
1,0
1,0
3,2
25,32
7,2
3,1
2,1
5,3
1,0
1,1
3,0
66,87
1,0
2,0
1,0
1,0
1,0
59,31
1,0
1,0
2,0
4,2
3,0
1,0
1,0
1,0
1,2
1,0
1,0
1,0
951,557
40,9
29,11
1,0
3,1
2,0
6,1
2,1
1,0
1,0
1,0
1,0
5,1
94,27
1,0
1,0
1,0
3,1
2,0
1,0
2,0
13,9
8,4
3,5
5,4
2,0
2,1
723,143
1,0
1,0
2,1
1,1
1,0
1,0
1,1
1,0
2,0
3,0
1,0
36,5
1,0
1,0
1,0
2,0
24,16
9,2
3,0
16,3
6,0
1,0
1,0
1,0
718,169
2,0
8,4
1,0
1,0
3,7
4,2
3,1
1,0
6,0
2,3
1,0
3,2
1,1
1,0
1,0
3,1
1,0
2,0
3,0
4,1
1,0
1,0
35,10
1,0
2,1
1,0
4,1
62,5
1,0
6,0
4,3
2,1
3,3
2,1
1,0
1,1
41,11
1,0
1,0
1,0
1,0
2,0
1,0
2,0
2,0
2,0
1,0
26,4
1,0
2,0
1,0
1,0
53,17
1,0
1560,438
400,161
7,4
1,2
6,5
1,1
50,64
1,0
4,0
1,0
1,0
2,0
1,0
2,0
34,6
1,0
2,0
7,4
4,3
198,34
4,1
11,3
20,5
1,0
7,0
1,0
2,0
1,0
1,0
1,0
1,0
1,0
26,4
6,3
8,2
3,1
3,0
2,4
1,0
4,1
3,0
2,0
1,0
1,0
1,1
2,1
2,0
26,13
41,17
1,0
1,0
1,0
1,1
1,0
1,0
1,1
41,60
3,1
13,29
42,29
1,0
1,0
5,0
1,0
1,0
4,1
1,1
1,0
1,0
1,0
4,2
4,1
1,0
39,25
36,27
1,2
4,0
1,3
1,0
1,0
1,0
2,1
1,0
2,0
1,0
1,0
1,0
3,1
1,0
1,0
1,0
1,1
1,0
1,0
1,0
10,41
1,0
2,0
1,0
1,0
1,0
14,8
4,2
1,0
5,1
1,0
1,0
2,0
4,1
1,0
1,0
9,2
2,1
217,100
2,0
44,29
2,0
1,0
1,0
8,4
1,0
1,0
2,3
1,0
1,0
1,0
1,0
5,1
1,0
2,0
3,0
1190,264
1,0
2,1
1,0
25,1
110,47
22,14
4,2
5,8
1,0
2,0
8,5
2,1
1,0
11,0
1,1
7,1
1,0
1,1
1,0
2,0
1,0
3,0
2,0
171,25
2,1
5,0
1,0
1,0
1,0
1561,709
29,18
6,2
14,9
5,1
29,21
1,0
1,2
7,2
10,2
1,0
1,0
1,0
1,0
1,1
144,42
1,0
1,0
1,0
1,0
1,0
2,0
2,2
1,0
2,0
2,0
1,0
1,0
1,0
1,0
1,0
3,0
8,4
4,4
2,1
2,0
2,1
1,0
1,1
1,0
1,0
1,1
1,0
5,0
1,0
4,1
2,0
1,0
39,38
1,0
99,64
7,15
6,2
9,1
25,5
6,1
2,0
1,0
1,0
2,3
1,0
1,0
37,25
1,0
4,0
23,6
1,0
8,2
1,0
4,2
1,0
6,3
2,1
1,0
2,0
28,27
1,1
2,1
5,3
1,0
1,0
1,0
3,0
2,0
1,0
1,0
1,0
1,0
1,0
1,0
1,0
1,0
1,0
1,0
1,0
1,0
1,0
1,0
1,0
2,0
169,72
1,0
1,0
2,1
2,0
143,50
1,0
1,0
2,1
227,28
2,0
1,0
4,2
20,6
2,0
17,4
1,0
2,6
4,0
1,0
2,0
1,0
1,0
1,0
1,0
1,0
1,0
1,0
1,0
1,0
4,0
20,5
3,0
1,0
9,3
3,1
3,1
23,29
12,4
1,0
2,2
1,0
3,1
1,1
1,0
1,0
6,1
1,1
1,0
1,0
8,1
3,1
4,0
20,2
2,2
1,0
4,0
1,0
1,0
7,1
1,0
1,0
7,11
14,5
2,1
4,2
1,0
1,1
6,30
122,56
2,1
1,0
1,0
1,0
3,1
1,0
1,0
5,2
1,0
1,2
4,1
1,0
4,1
1,0
24,7
2,0
1,0
1,0
2,0
1,0
1,1
1,0
1,1
1,0
44,8
59,7
4,0
4,3
3,0
1,0
5,1
1,0
2,0
1,0
1,0
1,0
1,0
1,0
1,0
1,0
1,1
5,3
1,0
1,0
1,0
2,2
9,1
3,0
6,6
3,1
4,1
2,1
1,0
1,2
1,0
1,0
2,0
1,0
1,1
1,0
1,0
1,0
1,0
1,0
1,0
98,21
1,0
1,0
1,0
6,8
3,3
3,2
66,48
10,6
2,2
38,12
2,0
2,0
5,1
2,0
2,0
6,3
2,0
3,7
31,15
1,0
1,0
1,0
1,0
1,0
2,0
1,0
1,0
1219,238
2,1
57,6
9,4
3,1
1,1
1,0
143,59
14,7
33,114
5,4
26,7
2,2
2,1
1,2
1,0
5,1
2,2
1,0
1,0
1,0
1,0
1,0
1,0
1,0
1,0
1,0
1,0
2,1
1,0
1,0
1,0
1,0
1,0
1,0
1,0
43,8
13,30
23,22
9,4
2,0
3,11
2,0
2,0
2,0
1,0
1,0
4,0
2,0
2,1
1,0
4,1
2,1
1,0
1,0
1,1
1,0
1,0
67,38
1,0
2,2
2,0
2,0
2,0
1,0
1,0
4,0
56,25
2,3
2,1
11,2
5,5
2,0
1,0
2,0
1,1
1,0
2,0
10,3
1,0
1,0
1,0
1,1
1,0
2,0
1,0
38,8
1,0
5,1
1,0
2,0
3,0
1,0
1,0
2,0
1,0
2,1
1,73
7,1
12,4
2,0
1,0
1,4
2,0
3,0
3,2
110,35
1,0
1,0
1,0
1,0
1,0
1,0
3,0
1,0
1,0
4,1
1,0
1,0
1,0
1,0
1,1
1,0
1,1
7,1
1,1
3,1
1,0
9,8
4,5
15,10
11,7
3,2
6,3
12,5
4,1
1,0
1,0
3,0
6,0
1,0
3,1
1,0
1,0
2,0
1,0
6,3
1,0
1,0
1,1
1,0
1,0
1,0
2,0
1,0
1,0
1,0
3,1
1,0
94,26
3,4
3,1
2,0
1,0
1,0
40,10
1,0
2,0
1,0
1,0
1,0
1,0
1,0
1,0
1,0
1,1
1,0
1,0
1,0
1,0
2,1
35,45
2,0
1,0
1,0
1,0
1,0
291,32
1,0
6,2
4,5
2,8
3,1
3,0
1,0
1,0
1,0
1,0
21,2
1,0
4,1
2,0
1,0
8,3
2,0
1,0
1,0
3,0
26,2
1,1
1,0
8,3
1,0
1,0
15,2
1,0
80,44
5,3
1,5
12,12
6,2
6,3
1,2
7,2
1,2
1,0
1,0
2,0
10,3
1,0
1,1
2,0
1,0
1,0
1,0
1,0
1,0
2,0
1,0
8,3
1,0
1,1
1,0
2,1
7,2
2,0
6,1
3,0
1,0
1,0
3,3
4,0
1,0
1,0
1,0
1,0
1,0
1,0
3,1
1,0
1,0
1,0
6,2
2,1
1,0
2,1
18,3
2,0
5,3
1,0
1,0
10,2
3,1
2,0
5,1
3,3
117,70
11,28
1,0
1,0
2,0
3,0
1,0
3,2
1,0
1,0
4,3
1,0
86,13
2,0
4,0
65,15
1,0
1,0
5,1
1,0
66,18
1,0
477,179
6,7
2,0
2,1
3,1
1,1
2,1
506,387
1,0
18,8
3,0
1,0
1,0
1,1
1,0
73,14
1,0
3,0
1,0
756,117
1,0
1,0
1,0
4,3
35,24
4,0
3,0
1,3
3,0
1,0
1,2
10,5
1,0
1,0
1,0
1,0
4,1
1,0
1,0
1,0
2,0
1,0
2,0
6,0
1,0
10,10
1085,472
58,3
18,11
9,12
2,0
45,5
1,0
4,1
2,1
1,0
2,0
1,0
2,1
1,0
1,0
3,0
1,0
1,0
1,1
11,6
5,45
28,20
1,5
15,9
25,13
7,1
3,0
1,0
1,1
1,1
7,0
1,0
1,0
1,0
1,0
1,0
1,0
1,0
3,0
1,0
1,0
3,1
11,2
1,1
1,0
79,37
7,5
13,3
13,21
3,5
6,4
2,0
2,5
27,8
6,1
3,0
1,0
2,0
7,1
5,0
1465,1076
1,0
34,29
2,0
1,0
1,0
1,0
1,0
1,0
5,1
15,4
1,0
1,0
2,2
1,0
1,0
45,10
7,3
3,4
4,8
1,0
3,1
3,0
1,0
3,0
1,0
10,6
1,0
105,56
1,0
23,13
1,1
1,0
1,0
2,0
1,0
4,1
5,4
1,0
4,2
2,0
2,0
1,0
1,0
1,0
13,31
195,34
9,6
2,0
3,5
1,0
1,0
1,0
1,0
1,0
1,0
1,0
1,0
4,2
1,0
1,0
1,1
205,28
7,2
1,0
2,1
1,0
6,4
2,1
2,1
27,24
3,2
2,0
5,5
3,0
5,1
22,16
1,0
1,0
1,0
1,0
1,0
371,131
1,0
1,0
1,0
3,0
1,0
1,0
1,0
1,0
2,0
1,0
1,0
3,0
1,0
10,2
5,0
1,0
14,11
5,4
10,3
22,36
23,7
88,67
1,0
6,4
2,0
2,2
1,0
1,0
2,0
1,0
2,3
1,0
5,1
1,0
5,2
17,3
57,34
1,0
1,1
3,0
1,0
11,6
3,0
5,2
4,8
1,0
1,0
1,1
1,0
1,0
5,0
1,0
3,1
1,0
1,0
2,0
1,0
1,1
2,0
3,4
1,0
4,1
2,0
4,1
1,1
1,0
10,5
5,5
9,9
1,0
8,4
1,0
3,1
1,0
1,0
1,0
2,1
1,0
2,0
2,1
1,0
1,0
10,4
1,0
1,0
6,1
231,124
128,100
15,13
3,3
73,43
6,3
22,15
29,5
2,0
1,0
30,39
3,0
1,0
1,0
1,0
1,0
1,0
1,0
1,0
1,0
1,0
1,0
1,2
4,2
2,0
122,62
393,168
101,20
1,0
17,3
1,0
1,3
13,4
3,0
6,2
541,196
1,0
21,3
1,0
1,0
1,0
2,0
29,88
3,1
3,0
1,1
2,0
1,0
1,0
3,0
4,0
1,0
1,0
1,0
1,0
30,13
1,0
1,0
1,0
1,0
1,1
1,0
16,48
11,4
1,0
4,3
1,0
22,8
2,0
3,1
1,0
4,0
1,0
2,1
1,0
2,0
57,20
1,0
4,0
1,1
132,29
1,0
1,0
1,0
335,69
2,1
2,0
95,82
16,3
48,23
4,0
35,17
1,0
3,2
7,2
1,0
1,0
1,0
8,1
4,0
1,0
7,6
1,0
1,0
1,0
5,0
1,0
4,2
6,2
1,0
25,9
3,3
3,2
2,3
4,0
34,34
1,0
1,0
1,0
1,0
1,0
1,0
3,1
1,0
1,0
6,1
2,0
2,1
1,0
16,9
4,2
56,22
9,5
23,6
2,0
7,4
1,0
1,0
13,2
1,0
4,6
1,0
6,0
1,1
1,0
1,0
1,0
1,0
3,10
2,0
1,0
137,61
1,0
1,0
1,0
2,5
2,9
1,0
1,0
2,0
2,2
2,0
10,9
7,3
25,7
1,0
5,1
1,0
5,3
1,0
1,0
1,0
1,0
1,0
1,0
1,0
1,0
1,0
1,0
1,0
468,40
2,1
5,6
1,1
3,0
1,0
2,0
1,0
2,5
2,0
2,0
1,0
1,0
29,19
2,0
1,0
2,2
1,0
4,2
1,0
1,0
1,0
1,1
1,0
3,1
1,1
1,0
3,2
1,0
1,0
1,0
1,0
1,1
1,0
1,0
1,0
1,0
4,3
1,0
1,0
28,1
2,2
2,1
2,1
1,0
5,9
30,20
1,4
81,86
36,15
4,0
2,0
2,1
2,1
6,2
1,0
1,0
1,0
1,2
1,0
1,0
1,0
1,0
1,0
2,0
1,0
2,0
1,0
1,0
1,0
1,0
3,1
5,0
1,0
1,0
2,1
1,0
1,0
7,3
1,0
7,1
2,1
1,0
1,0
2,0
3,1
1,0
2,0
1,0
4,1
222,130
1,0
69,29
24,11
1,0
1,0
1,0
4,2
1,0
1,0
1,0
1,0
1,0
1,0
1,0
1,0
5,2
2,0
2,0
3,1
6,0
2,1
1,1
14,7
5,25
20,2
2,1
6,2
1,0
2,0
1,0
1,0
24,7
1,0
1,1
1,0
1,1
1,2
1,1
10,2
1,0
2,0
1,0
2,1
2,0
18,10
15,10
3,1
3,2
34,20
3,2
9,2
1,0
1,0
1,0
1,0
1,0
1,0
18,4
1,0
1,0
1,0
1,0
1,0
2,0
1,0
1,0
1,0
2,0
1,0
1,0
2,0
1,1
1,1
1,0
1,0
1,0
1,0
1,0
1,0
5,2
1,0
1,0
4,1
2,0
3,0
3,1
1,0
4,0
1,0
2,0
1,0
1,0
1,0
1,0
1,1
1,0
1,0
343,190
26,9
11,33
7,5
1,0
24,3
4,0
1,0
2,0
5,3
1,0
2,0
9,5
7,4
3,1
1,1
7,1
2,0
1,0
2,0
6,1
10,6
1,0
9,0
1,0
1,0
1,0
3,3
12,3
14,16
10,5
14,13
5,4
12,0
3,0
2,1
6,1
1,0
1,0
1,0
2,1
1,2
2,0
1,0
1,1
1,0
1,0
1,0
1,0
1,0
1,0
5,1
1,0
1037,352
1,0
4,2
3,2
37,4
37,29
1,0
3,0
1,0
1,0
1,0
2,0
1,0
1,0
1,0
1,0
6,2
1,0
1,0
1,0
2,0
1,0
1,0
1,0
1,0
1,0
1,0
1,0
1,0
1,0
1,0
1,0
1,0
7,1
1,0
1,0
359,223
3,4
15,12
13,9
15,8
161,69
4,2
5,2
18,10
2,1
3,2
3,0
6,1
1,0
2,1
1,0
2,0
1,0
1,0
3,2
1,1
3,0
1,1
2,1
1,0
1,0
2,1
6,0
1,0
1,0
1,0
1,1
1,0
2,1
2,0
86,91
23,10
1,0
1,0
1,0
64,28
2,0
2,0
1,0
1,0
1,0
2,0
1,0
420,65
4,0
2,0
4,6
15,15
1,3
3,1
2,0
3,3
1,0
2,0
4,0
2,4
2,0
1,0
1,0
1,0
3,1
1,1
2,0
1,0
1,0
1,1
3,0
1,0
18,5
1,0
2,0
1,1
24,21
2,0
3,2
2,1
6,3
1,0
3,1
3,0
1,0
2,0
1,0
3,2
1,0
20,11
2,0
1,0
17,11
8,1
16,2
18,5
7,19
8,1
1,0
3,0
2,1
1,0
11,2
1,0
3,0
1,0
1,0
13,1
2,0
2,0
206,62
6,4
2,0
3,0
21,0
4,0
1,0
1,0
1,0
3,1
3,1
1,0
1,1
1,0
1,0
1,1
355,108
1,0
2,2
4,3
1,0
1,0
15,24
9,3
8,3
8,2
6,5
6,4
2,0
5,3
112,41
1,0
1,0
1,0
1,0
1,0
1,0
1,0
1,0
1,0
1,0
1,0
8,5
1,0
1,0
3,1
9,3
1,0
1,0
10,1
4,0
2400,1044
2,0
4,1
2,1
9,0
1,0
1,0
1,0
1,0
4,1
17,7
13,9
22,16
34,21
46,32
2,0
13,8
3,2
4,4
4,0
2,0
5,0
1,2
2,2
1,0
1,1
8,1
1,0
1,0
8,5
5,1
1,0
1,0
3,1
1,0
1,0
1,0
1,0
1,0
4,0
1,4
34,6
1,0
2,0
7,0
2,0
2,0
2,3
2,0
1,0
1,0
1,0
1,0
1,0
1,0
1,0
1,1
1,0
1,1
1,0
5,0
1,0
1,1
2,1
1,0
1,0
1,0
1,0
12,1
2,0
14,3
3,0
437,41
13,0
2,0
2,1
30,12
2,2
8,7
2,1
8,18
7,8
4,1
14,12
2,0
1,0
1,0
1,0
1,0
1,0
46,17
1,0
1,1
1,0
2,0
1,0
3,4
2,0
6,1
1,0
5,2
1,0
2,1
1,0
8,3
13,5
1,0
1,0
3,1
39,22
1,0
8,2
1,0
1,0
1,0
4,1
1,0
720,243
45,18
2,0
2,3
2,25
2,0
2,2
6,2
4,2
1,0
1,0
1,0
1,0
1,0
2,1
4,0
1,0
2,0
1,0
5,0
3,1
1,0
2,0
1,0
1,0
7,7
7,37
28,26
59,6
3,24
8,3
14,32
183,62
2,0
3,1
4,0
950,461
3,3
1,1
1,0
2,1
3,0
1,0
1,0
1,0
1,0
1,0
3,0
1,0
1,0
1,0
2,0
1,0
5,1
1,0
176,151
5,2
6,2
7,1
3,0
2,0
1,0
6,5
1,0
2,0
4,1
41,6
1,0
1,0
2,0
1,0
1,0
1,0
6,1
4,0
1,0
1,0
37,23
1,0
26,6
102,23
54,36
6,6
4,16
2,0
17,14
13,6
3,2
2,0
1,0
22,8
3,1
1,0
1,0
1,1
671,376
1,0
1,1
9,1
56,16
1,0
4,0
1,0
1,0
6,3
1,0
2,1
3,0
2,0
3,1
562,296
10,7
11,3
898,274
8,1
13,4
93,19
2,0
29,3
1,0
47,15
2,1
1,0
1,0
1,0
1,0
1,0
1,0
1,0
1,1
1,0
1,0
1,1
3,1
1,0
1,0
1,0
1,0
2,1
1,0
1,0
24,19
10,3
2,0
6,4
1,0
1,2
3,1
1,0
1,0
3,1
1,0
4,0
1,0
1,0
7,0
2,1
2,0
1,1
1,0
1,0
5,2
2,0
1,0
6,1
105,46
1,0
1,0
2,0
1,0
862,89
3,5
1,2
146,70
1,0
1212,307
1,0
7,21
2,0
18,42
2,0
1,0
1,0
2,1
5,0
1,0
1,0
6,2
1,0
1,0
1,0
15,10
7,4
6,4
22,80
2,1
2,95
4,2
1,0
1,0
6,2
1,0
2,0
2,0
7,0
1,0
2,1
1,0
4,1
4,1
2,2
1,0
1,0
1,0
113,62
538,334
14,1
10,3
557,370
3,0
3,2
2,1
5,1
6,2
1,0
1,0
1,0
1,1
1,0
1,0
1,0
2,0
1,0
1,0
1,0
1,0
1,0
1,0
1,0
1,0
1,0
193,67
12,2
1,0
1,0
8,1
2,0
5,4
1,0
9,2
16,5
1,0
1,0
3,2
1,0
6,1
34,24
1,0
6,1
1,0
1,2
2,2
1,0
1,0
1,0
1,0
2,0
1,0
1,0
1,0
1,0
1,0
1,0
1,0
1,0
1,0
11,8
1,0
7,1
1,14
5,0
3,1
2,1
1,0
2,1
1,0
1,0
1,0
1,0
1,0
1,0
1,0
53,54
3,1
1,0
2,0
1,0
1,0
1,0
1,0
1,0
2,0
1,0
1,0
1,0
3,1
1,0
3,0
2,0
1,0
2,0
3,1
1,0
1,0
3,0
68,16
1,0
2,0
1,0
1,0
1,0
2,0
1,1
1,0
1,0
12,13
5,0
6,3
1,0
1,0
3,2
4,0
2,0
1,0
1,0
1,0
1,0
6,1
5,1
1,0
1,0
1,0
30,17
1,0
4,0
7,0
38,14
2,0
3,0
3,1
4,1
1,8
1,0
173,85
1,0
4,2
2,0
1,0
1,0
1,0
1,0
1,0
1,0
1,0
2,0
1,0
2,1
1,0
1,0
2105,436
1,0
1,0
1,0
9,0
2,2
1,1
1,0
1,1
1,0
52,92
11,6
4,1
14,16
6,12
1,1
2,0
1,0
1,0
1,0
1,0
1,0
3,1
1,0
1,0
1,0
349,201
1,0
1,0
1,0
1,1
2,0
1,0
5,1
1,0
855,237
4,2
8,3
95,28
5,2
2,0
3,0
6,4
7,1
2,0
1,0
10,9
1,0
1,0
1,1
1,0
1,0
1,0
5,4
1,0
1,0
1,0
34,6
3,0
1,0
1,0
2,0
1,0
3,2
382,308
7,1
2,1
57,25
2,0
6,0
1,1
17,12
3,1
1,0
12,1
1,0
1,0
1,0
1,0
1,0
1,0
1,0
1,0
1,1
46,7
2,1
1,0
1,0
1,0
1,0
1,1
1,0
1,0
1,0
1,0
1,0
1,0
7,1
22,13
1,0
1,0
1,0
1,0
1,0
6,8
6,11
7,8
3,0
4,4
6,0
3,6
1,0
1,2
2,0
3,0
2,0
1,0
4,8
1,0
3,0
1,0
8,7
1,0
1,0
1,0
3,1
411,85
1,0
1,0
4,1
319,144
1,0
6,0
3,10
2,0
4,2
3,1
1,0
1,0
6,2
1,0
3,0
1,0
1,0
2,0
1,0
1,0
1,0
1,0
2,1
1,0
9,7
1,1
1,1
1,0
1,0
1,1
2,0
16,3
2,1
156,88
1,0
16,8
1,0
1,0
2,2
11,5
2,0
3,2
1,0
2,1
4,1
1,0
1,0
5,0
2,1
1,0
2,1
1,0
1,0
3,0
3,1
1,0
2,1
1,0
2,1
2,1
10,2
338,78
36,7
14,3
9,8
10,2
4,0
1,0
3,1
3,2
1,1
1,0
1,0
1,0
1,0
1,0
1,0
1,0
285,140
1,0
1,0
53,43
1,0
2,0
2,1
1,0
690,522
4,2
5,1
2,3
15,6
1,0
1,1
1,0
1,0
2,0
1,0
1,1
1,0
1,0
3,1
21,2
132,15
1,0
1,0
1,1
1,0
103,36
4,3
17,2
6,4
6,11
56,36
1,0
1,0
1,0
1,0
1,0
1,0
1,0
1,0
1735,783
2,0
1,0
1,0
4,0
1,0
1,0
1,0
1,0
1,0
2,0
1,0
1,0
2,0
2,0
1,0
1,0
1,0
8,4
6,2
12,4
8,5
2,1
32,17
3,1
1,0
1,0
2,3
2,1
2,1
1,0
4,0
2,1
6,1
1,0
669,161
1,0
1,0
2,0
1,0
1,0
2,0
3,1
14,3
3,0
3,0
4,0
138,18
1,0
10,16
1,0
3,0
1,0
60,31
17,14
1,0
1,0
3,0
1,0
1,0
1,1
2,0
1,0
21,5
4,1
3,1
1,0
21,27
32,22
12,7
22,27
16,7
5,3
21,6
3,2
3,5
284,29
5,3
11,0
3,3
6,0
3,1
2,0
2,1
6,3
1,0
10,2
2,0
1,0
5,2
2,0
1,0
1,0
1,1
3,1
1,0
2,0
1,0
556,248
16,9
1,0
1,0
1,0
2,1
1,0
1,0
1,0
33,10
5,2
1,0
1,0
4,2
1,0
1,0
1,0
1,0
3,0
1,0
1,0
1,0
1,0
1,0
5,1
2,0
1,0
10,29
4,1
2,5
4,2
79,11
60,32
34,9
2,0
1,0
6,1
3,0
4,0
12,3
2,0
1,0
1,0
2,0
1,0
1,0
1,0
1,0
1,0
1,0
1,0
1,0
1,0
2,0
1,0
2,1
1,0
2,0
1,0
1,1
3,1
25,2
1,0
17,4
1,0
20,16
30,38
2,3
7,3
9,8
5,2
10,2
3,3
5,0
2,1
1,0
3,2
1,0
1,0
1,0
1,0
4,0
1,0
3,1
3,1
1,0
1,0
1,0
3,1
351,240
3,2
28,4
7,7
44,44
3,0
1,0
1,0
1,0
1,0
1,0
1,0
14,1
2,1
2,2
2,1
1,0
2,1
1,0
1,0
1,0
1,0
1,0
2,0
1,0
2,1
1,0
607,248
11,6
19,12
16,30
7,8
3,19
11,7
16,10
6,7
19,18
5,5
33,28
3,0
6,3
7,0
3,1
1,0
3,0
5,1
43,9
1,0
3,0
1,0
1,0
5,1
1,0
1,1
1,0
1,0
1,0
2,0
1,0
1,0
2,0
1,0
1,0
1,1
15,6
1,0
2,0
1,0
2,0
1,0
1,0
2,1
1,0
1,0
1,0
3,1
1,0
1,0
1,0
1,0
2,1
1,0
1,0
1,0
2,1
2,0
1,0
2,0
600,54
3,1
3,0
1,0
1,1
1,0
3,0
7,3
1,0
1,0
6,2
140,42
3,0
3,0
1,0
14,14
3,1
1,0
1,0
1,0
1,0
1,0
2,0
1,0
1,0
1,0
1,1
59,41
1,0
1,0
1,0
1,0
1,0
50,15
1,0
1,0
1,0
3,1
189,166
5,2
16,1
5098,2855
1,0
6,6
1,0
1,0
22,4
1,0
1,0
236,40
1,0
1,0
1,0
3,0
1,0
2,1
2,1
1,0
1,0
2,1
1,0
1,0
1,0
1,0
49,25
1,0
1,0
1,0
1,0
902,324
2,1
1,0
2,1
14,0
7,0
2,1
1,0
8,1
1,1
1,0
1,0
1,0
1,0
1,0
1,0
1,0
1,0
1,0
1,0
16,0
2,0
1,0
2,0
1,0
32,14
1,0
3,5
13,11
4,1
3,0
1,0
2,0
2,0
1,0
1,1
1,0
2,0
1,0
1,0
1,0
5,0
4,2
4,0
1,0
2,0
1,0
4,0
1,0
3,0
1,0
2,0
1,0
5,4
6,4
5,2
9,21
2,1
2,0
4,1
1,0
6,1
1,0
1,0
1,0
1,0
1,0
2,0
1,0
1,0
1,2
1,0
2,0
1,0
3,0
1,0
11,5
38,15
1,0
2,0
1,0
1402,474
1,0
2,0
2,0
2,0
7,0
1,1
2,0
2,2
14,9
36,4
19,8
1,0
9,7
3,2
7,3
5,2
6,0
2,0
6,0
2,0
2,2
2,1
5,2
2,0
5,1
1,0
1,0
1,0
5,1
2,1
1,0
1,1
4,1
3,0
1,0
1,0
2,0
3,2
1,0
1,1
1,0
1,1
1,0
22,13
1,0
6,6
1,0
7,8
1,0
1,1
3,0
76,18
9,4
3,2
100,45
117,69
1,0
1,0
2,1
1,0
1,1
44,16
1,0
1,0
1,0
1,0
10,4
1,0
1,0
3,1
1,0
1,0
22,13
2,4
2,0
1,1
3,2
2,0
4,0
10,3
1,1
1,0
2,0
1,0
3,0
1,0
2,0
2,1
1,0
2,1
1,0
1,0
57,20
7,7
1,1
1,0
140,19
125,55
1,1
1,0
1,0
1,0
4,2
3,3
1,2
4,8
8,6
2,1
1,0
1,0
2,0
2,0
1,0
1,0
1,0
1,0
5,2
1,1
1,0
1,0
1,0
1,1
1,0
3,1
1,0
1,0
1,0
20,2
1,0
803,195
6,44
1188,435
4,2
25,8
21,13
8,5
2,1
2,0
4,3
1,0
1,0
1,0
2,1
1,0
1,0
1,0
1,0
1,0
21,6
1,0
1,0
3,0
5,2
1,0
1,0
1,0
3,0
1,0
4,1
2,1
2,0
1,0
1,0
3,1
1,0
1,0
10,0
1,2
22,10
1,0
2,1
1,0
1,0
1,0
2,0
1,0
2,0
2,0
1,0
1,0
1,0
4,0
2,0
1,0
1,0
1,0
1,0
2,1
2,0
9,0
1,0
12,10
13,35
1,0
1,0
1,0
2,1
2,0
37,9
27,12
2,5
1,0
1,0
1,0
1,0
1,1
1,0
1,0
1,0
1,0
2,0
1,0
1,0
1,0
1,0
11,2
18,4
6,4
1,0
2,0
170,31
34,15
23,6
25,12
2,0
5,4
6,4
2,2
3,2
7,3
1,0
1,2
2,1
2,0
3,2
1,0
2,0
5,0
1,0
1,0
1,0
2,0
1,1
2,1
1,0
2,1
1,0
1,0
14,7
2,1
25,9
2,0
1,0
2,0
34,7
1,0
1,0
17,10
6,6
4,0
4,2
13,3
5,0
1,0
1,0
1,1
2,1
4,2
1,0
2,0
1,0
1,0
2,0
1,0
1,0
1,0
2,3
2,0
5,0
1,0
1,2
1,0
1,0
1,0
3,0
2,0
2,1
1,0
1,0
2,0
22,20
1,1
1,4
13,0
1,0
1222,380
4,3
1,0
4,1
3,2
9,11
76,35
118,24
5,5
14,27
2,1
3,1
1,1
288,144
13,1
2,0
3,1
1,0
1,0
3,1
1,0
3,1
1,0
2,0
1,0
2,0
1,0
1,0
1,0
1,0
1,0
2,1
36,22
39,21
2,3
1,0
69,25
15,9
13,8
5,16
1,0
3,0
1,0
2,0
1,0
7,7
4,1
73,36
1,0
1,0
1,0
2,1
1,0
2,0
1,0
2,0
2,0
15,2
1,0
1,1
1,0
1,0
4,0
1,0
1,0
1,0
16,2
2,1
7,1
50,11
191,69
3,2
1,0
41,10
13,1
6,4
2,1
5,2
2,4
18,19
2,1
1,0
6,3
1,0
2,2
1,0
1,0
1,0
1,0
1,0
1,0
4,1
1,0
4,2
1,1
4,2
1,0
1,0
1,0
1,0
3,1
1,0
1,0
1,0
2,0
1,0
1,0
6,8
2,0
1,0
1,0
4,0
10,4
1,0
1,0
345,90
1,0
1,0
2,0
1,1
2,0
1,0
1,0
1,0
1,2
1,0
1,1
1,0
1,0
1,0
2,0
4,4
3,5
16,6
59,21
12,7
1,0
2,2
2,2
4,1
2,0
1,0
1,0
1,0
1,0
1,0
2,0
1,0
1,0
1,0
3,0
2,0
1,0
1,0
2,0
1,0
1,2
1,1
1,0
3,1
1,0
1,0
32,6
1,0
16,0
1,0
130,55
2,2
5,0
10,2
9,9
3,1
3,2
4,1
1,3
5,2
1,0
3,1
1,0
3,1
1,0
1,0
1,0
2,1
1,0
1,0
1,0
1,0
1,0
1,0
56,25
12,7
1,0
3,1
2,0
1,0
1,1
1,0
1,0
5,2
2,0
1,0
1,0
5,2
2,1
67,11
1,0
8,7
5,1
5,5
1,0
2,1
1,0
6,1
1,1
1,0
1,0
1,0
1,0
3,1
1,0
1,0
1,0
1,0
4,0
1,0
14,0
542,303
173,61
20,10
10,6
22,14
2,1
1,0
24,5
1,0
1,0
2,0
1,0
1,0
2,0
1,0
1,0
1,0
1,0
1,0
1,0
1,0
1,0
334,116
6,4
1,1
1,0
2,1
1,1
1,3
1,0
8,6
7,2
4,2
2,0
7,9
2,1
2,0
4,1
8,0
9,3
1,0
1,0
1,0
1,0
2,1
1,0
1,0
1,0
1,0
1,0
1,0
1,0
4,4
2,1
1,0
11,10
1,0
1,0
2,0
5,0
2,0
3,0
5,0
1,9
57,31
18,23
38,23
92,81
417,243
2,3
2,0
3,0
8,2
1,0
1,0
2,0
2,1
1,0
2,1
2,0
108,28
2,0
1,0
1,0
44,12
1,0
1,0
1,0
1,0
67,39
17,11
4,3
23,1
1,0
1,0
1,0
2,0
1,0
1,0
2,0
1,0
1,0
1,0
2,0
1,0
1,0
2,2
1,0
5,0
412,246
13,11
12,4
3,4
1,0
4,1
1,0
1,0
2,2
3,1
1,0
1,0
3,3
6,1
1,0
4,5
8,1
1,0
8,6
1,0
4,2
1,0
11,2
8,4
8,2
5,16
40,11
4,1
1,0
1,0
2,1
1,0
1,0
1,0
3,0
1,0
1,0
1,0
3,2
598,85
1,0
1,0
1,0
1,0
1,0
1,0
5,1
2,2
7,1
1,0
60,15
1,0
8,36
2,0
29,33
10,30
4,18
6,29
1,3
1,11
4,9
30,11
3,3
9,1
1,0
7,5
2,1
5,0
2,2
21,30
7,2
4,1
1,0
1303,310
13,8
1,0
1,0
4,0
1,0
254,38
1,0
1,0
14,7
1,0
1,0
1,0
4,0
1,0
102,40
5,1
2,1
1,0
2,1
1,0
1,0
1,0
1,0
2,0
63,10
2,1
2,0
9,3
1,0
3,0
1,0
5,1
1,0
1,0
1,0
1,0
1,0
1,0
1,0
21,5
2,0
1,0
1,0
133,84
1,0
2,0
1,0
2,0
1,0
22,7
3,0
1,0
212,316
1,0
1,0
17,17
24,5
40,14
1,0
7,2
3,2
6,2
6,2
5,0
13,5
1,0
3,1
2,0
1,0
1,0
1,0
1,0
1,0
4,1
1,0
1,0
1,0
1,0
1,0
1,0
2,0
1,0
3,0
1,0
1,0
1,1
3,1
1,1
56,28
20,6
5,9
2,0
1,0
1,0
2,0
3,0
1,0
1,0
1,0
1,0
1,0
2,0
1,0
2,0
1,0
1,0
1,1
41,11
1,1
1,0
1,0
1,0
7,1
1,0
1,0
5,0
2,0
1,0
9,2
1,0
1,0
1,0
1,0
1,0
1,2
1,1
1,0
1,0
51,35
1,0
312,88
1,0
1,0
4,1
5,1
1,0
5,0
3,2
2,1
4,5
3,1
3,0
1,0
1,0
2,1
1,0
1,0
1,0
5,1
1,0
2,0
1,0
238,51
321,99
7,0
1,0
1,0
9,1
1,0
19,10
32,5
20,9
9,2
3,6
1,0
1,0
1,7
1,0
1,0
1,0
1,0
5,1
314,193
1,0
1,0
2,0
2,0
2,0
12,8
1,0
1,0
1,1
1,0
1,0
1,0
46,17
4,0
1,0
1,0
3,0
1,0
12,4
3,1
1,0
1,1
5,3
39,12
2,0
5,1
4,2
2,1
1,0
1,1
1,0
1,0
4,3
1,0
9,0
2,1
1,0
1,0
1,0
1,0
1,0
657,361
1,0
3,2
1,0
2,1
1,2
1,0
1,1
3,0
1,0
2,0
7,6
1,0
6,5
3,1
474,245
4,6
1,0
148,62
11,8
20,0
2,0
32,17
1,0
1,0
2,1
27,23
1,0
1,0
3,0
1,0
1,0
1,0
1,0
4,0
1,0
1,0
1,0
1,0
1,0
1,1
5,1
5,3
1,0
4,0
1,1
1,0
39,33
5750,2852
10,11
26,12
167,103
6,2
1,0
4,7
2,0
6,3
1,0
1,0
1,0
2,0
1,0
2,0
4,2
1,0
1,0
1,0
1,0
3,0
1,0
2,1
1,0
1,0
1,0
2,1
2,2
1,0
2,1
2,0
25,23
1,0
5,2
2,0
1,0
1,0
1,0
2,0
1,0
1,0
12,2
9,7
7,8
1630,524
17,18
19,18
4,3
1,0
6,4
1,0
2,12
1,0
1,0
3,0
2,0
1,0
11,4
1,0
1,0
1,0
1,0
1,0
1,0
2,2
1,0
1,0
1,0
2,0
1,0
1,0
7,2
1,0
1,1
2,0
1,0
515,172
1,0
14,8
2,1
1,0
9,0
3,1
1,0
2,1
24,15
1,0
1,1
2,0
1,0
3,1
1,0
1,0
3,1
1,0
1,1
1,0
1,0
1,0
1,0
1,0
51,26
3,2
13,3
123,117
12,20
3,1
1,0
4,2
1,1
1,0
1,1
1,0
1,0
3,0
6,0
1,0
3,0
1,0
1,0
1,0
1,0
3,0
1,1
1,0
1,0
1,0
1,0
3,0
2,0
5,3
2,0
11,7
1,0
5,0
22,16
1,0
1,2
2,2
4,0
1,0
1,0
2,1
1,0
1,0
1,0
1,0
2,0
1,0
1,0
1,0
1,0
1,0
1,0
4,1
1,0
1,0
1,0
1,0
2,0
2,0
1,0
2,0
13,7
1,1
1,0
1,0
1,0
1,0
4,0
1,0
115,32
20,16
6,8
10,7
9,13
15,0
2,2
10,6
4,4
3,2
2,0
1,0
2,0
2,2
2,0
1,0
1,0
1,0
1,0
1,0
1,0
1,0
2,0
1,0
1,0
1,0
1,0
2,1
2,0
5,4
1,0
2,0
3,5
1,0
10,71
132,53
61,198
59,32
20,41
20,28
14,61
7,32
8,54
11,54
16,53
9,42
8,49
9,28
13,32
7,17
262,174
11,27
28,71
7,63
7,28
7,16
5,17
5,18
11,10
8,25
5,17
5,17
6,17
5,16
7,16
7,16
6,17
6,27
7,23
5,19
11,21
10,30
7,18
26,11
5,21
19,30
9,53
7,20
6,27
6,18
7,21
6,17
8,18
7,26
5,23
5,21
10,22
5,17
8,30
6,20
5,16
4,17
7,22
5,19
7,17
5,17
7,17
5,23
9,21
7,26
7,20
2,10
7,26
8,43
8,38
5,24
1,0
1,0
1,0
2,1
9,20
7,17
5,23
7,31
5,9
4,2
1,0
1,0
1,1
1,1
7,17
5,28
6,18
5,19
4,22
5,5
1,0
8,1
2,1
7,18
7,17
5,26
8,32
5,13
1,0
10,4
4,4
9,31
11,24
4,2
11,3
9,25
4,10
1,0
2,0
1,0
10,8
1,0
1,0
1,0
8,0
6,0
23,8
11,8
4,0
2,0
1,0
1,0
3,1
1,0
2,0
2,0
1,0
1,0
8,19
1,0
1,0
1,1
2,0
3,0
1,0
3,1
1,0
1,0
1,0
4,1
1,1
2,1
1,0
1,0
1,0
134,22
25,4
2,2
1,0
1,0
1,0
1,0
2,0
15,6
4,5
5,2
17,11
11,12
8,3
2,2
1,5
4,2
3,1
6,4
3,1
3,0
1,0
1,1
1,2
1,0
1,0
1,0
1,0
16,6
1,0
1,0
1,1
1,0
1,0
4,7
6,3
69,40
232,38
163,59
2,0
3,1
4,5
1,0
1,0
2,0
1,0
1,0
2,1
4,2
2,1
1,0
1,0
8,2
1,1
1,0
1,1
3,0
2,1
2,0
2,1
2,0
6,6
19,3
2,1
1,0
10,7
3,3
895,377
543,80
46,13
3,1
5,2
3,7
3,1
4,2
2,1
2,0
4,4
1,0
2,0
1,0
8,2
3,0
2,0
2,0
1,0
1,0
1,0
1,0
2,0
1,0
1,0
1,0
1,0
1,0
1,0
2,1
1,0
1,0
12,10
1,0
229,101
1,0
1,1
580,321
5,2
8,0
39,46
147,20
2,0
22,3
11,7
13,2
8,0
3,0
1,0
1,1
3,2
1,0
7,2
1,0
1,0
1,0
1,0
1,0
1,0
4,19
1,0
2,1
1,0
1,1
1,0
3,1
1,0
1,0
1,1
5,0
1,0
1,0
1,0
5,0
1,0
1,0
1,0
1,0
1,0
4,1
7,2
3,3
3,2
87,52
1,0
2,1
2,1
1,0
5,0
5,5
3,0
1,0
1,0
3,4
1,1
2,0
1,0
2,0
1,0
1,0
6,2
1,0
3,1
1,0
2,0
1,0
2,0
1,0
24,16
2,1
1,0
3,1
4,0
1,1
3,1
1,0
1,0
4,2
38,8
10,5
1,0
1,0
2,1
371,173
12,6
1,2
5,6
9,8
1,0
2,0
3,1
2,1
3,2
1,0
1,0
1,0
1,0
1,0
1,0
1,0
8,5
1,0
1,0
1,0
1,0
1,0
1,0
1,0
1,0
1,0
1,0
284,23
1,0
1,0
2,0
1,0
1,0
1,0
1,0
1,0
1,0
5,1
1,0
19,8
3,0
3,0
1,0
3,1
2,2
2,0
1,0
2,0
1,0
3,2
2,0
1,0
1,0
3,0
1,1
3,1
4,2
1,0
7,1
2,1
1,0
2,0
2,0
3,1
1,0
1,0
2,0
1,0
1,0
1,0
14,3
5,3
1,0
1,1
1,0
1,0
4,2
8,4
3,0
1,0
2,0
1,0
2,1
1,0
76,93
10,7
2,1
2,1
10,5
1,0
8,3
1,0
2,2
7,3
2,0
3,0
1,0
1,0
1,1
1,0
1,0
1,0
1,0
1,0
3,2
1,3
1,0
2,0
101,15
2,0
1,0
23,6
240,201
4,1
1,0
1,0
5,1
1,0
1,0
1,0
1,0
1,0
1,0
1,0
1,0
1,0
1,0
1,0
1,0
1,1
4,2
5,8
1,0
2,2
2,1
3,2
1,0
1,0
1,0
1,0
3,2
1,0
1,0
1,0
2,1
10,13
1,0
10,6
1,1
88,23
2,0
2,0
1,0
1,0
7,1
1,0
6,3
1,0
83,62
5,22
122,79
3,0
2,0
1,0
1,0
1,0
7,0
1,0
1,0
1,0
3,1
2,0
1,0
1,0
1,0
2,0
3,0
1,1
1,0
1,0
1,0
1,0
1,0
1,0
1,0
1,0
1,0
1,0
1,0
1,1
1,0
1,0
1,0
1,0
1,0
28,14
1,0
1,0
1,0
1,0
1,0
15,0
1546,637
11,2
4,3
49,17
37,51
2,4
1,0
1,0
1,0
3,0
2,0
4,1
1,0
3,1
3,0
2,1
2,0
1,0
1,0
1,0
1,0
2,0
1,0
1,0
1,0
1,0
4,0
1,0
1,0
1,0
1,0
1,0
1,0
2,0
1,0
3,1
1,0
1,2
1,1
6,1
1,0
97,46
7,2
9,11
5,3
19,18
7,2
4,1
5,2
2,0
5,0
1,0
2,1
1,0
1,1
1,0
1,0
1,0
1,0
1,0
18,1
1,0
35,17
2,17
1,0
2,2
1,0
2,1
1,0
100,15
3,1
4,1
1,0
2,2
44,65
2,0
3,4
43,5
1,0
1,0
14,36
2,0
3,1
2,0
7,0
1,0
1,0
1,0
1,0
1,1
1,0
1,1
1,0
1,0
1,0
17,1
1,0
1,0
1,0
2,0
1,0
1,0
326,50
1,0
80,21
1,2
2,1
2,3
2,0
1,0
19,12
4,5
20,10
5,4
3,1
12,3
2,0
1,1
4,1
2,1
1,0
1,0
1,0
3,0
2,0
1,0
1,0
1,0
1,0
1,0
1,0
2,0
1,0
1,0
1,0
1,0
1,1
1,0
1,0
3,1
2,1
2,0
1,0
1,0
3,0
1,0
2,0
2,0
20,3
1,0
1,0
2,1
2,0
1,0
4,1
8,0
3,2
29,10
3,22
275,89
2,2
3,1
3,2
20,6
2,3
1,0
1,0
1,0
2,0
1,0
5,1
1,0
4,4
1,0
2,0
1,1
1,0
1,0
2,1
1,0
4,0
6,3
6,5
15,15
9,4
4,11
1,0
1,0
1,0
6,1
1,0
1,0
1,0
1029,268
1,0
3,2
2,0
1,0
3,0
1,0
2,0
2,1
5,5
8,5
2,1
4,2
3,28
1,0
2,0
1,0
1,2
1,1
1,0
1,0
1,0
1,0
1,0
1,0
1,0
3,0
1,0
1,0
1,0
7,1
1,0
5,2
158,22
2,1
7,0
1,0
5,2
3,2
7,3
5,8
1,5
17,5
3,2
6,5
3,2
2,0
1,0
3,1
2,2
5,1
1,0
1,0
1,0
1,0
1,0
1,0
1,0
1,0
1,0
1,0
1,0
3,1
1,0
1,0
2,1
2,1
1,0
2,0
1,0
4,1
1,0
1,0
1,0
2,1
14,24
3,0
2,4
5,2
1,4
55,16
10,7
2,0
2,1
2,2
3,2
2,0
1,0
1,0
19,15
1,0
1,0
4,0
1,0
1,0
1,0
1,0
1,0
1,0
1,0
1,0
1,0
1,0
1,0
1,0
1,0
1,0
2,9
3,0
189,39
1,0
1,0
1,0
3,0
1,0
1,0
1,0
1,0
1,0
1,0
1,0
1,0
193,109
3,20
2,0
5,3
3,0
9,2
1,1
1,0
1,0
1,0
1,0
1,0
1,0
1,0
1,0
4,2
1,0
4,3
1,0
163,12
1,0
4,5
7,4
1,0
1,0
1,1
1,0
2,1
1,0
1,0
2,2
2,0
14,43
11,1
2,0
4,2
1,0
12,3
3,0
1,1
1,0
1,0
1,0
1,0
3,2
1,0
4,0
1,0
1,0
1,0
2,2
62,14
156,63
4,1
11,11
10,9
1,0
1,1
5,0
2,1
1,0
1,0
1,0
1,0
1,0
1,0
1,0
1,0
1,0
1,0
1,1
1,0
1,0
1,0
1,0
1,0
1,0
1,0
1,0
1,0
1,0
1,0
1,0
1,0
1,0
1,0
3,0
1,0
1,0
1,0
1,1
1,0
1,0
1,0
1,0
1,0
2,1
12,2
7,0
1,0
1,0
3,2
9,2
36,32
6,3
12,9
1,0
1,0
3,0
6,1
2,0
1,0
2,1
1,0
9,4
1,0
1,0
1,0
1,0
2,0
1,0
1,0
1,1
1,0
1,1
8,35
1,1
2,0
4,0
2,1
13,5
325,18
1,0
1,0
1,0
12,11
6,2
1,1
1,0
1,0
68,22
8,6
1,0
17,10
5,5
3,0
1,4
7,2
3,0
1,0
1,0
1,0
3,0
1,0
1,0
2,1
1,0
1,0
1,0
3,1
1,0
1,0
2,0
1,0
1,0
1,0
1,0
1,0
3,1
1,0
2,0
1,0
1,0
3,1
2,1
1,0
6,2
7,1
1,0
1,0
1,0
2,0
1,0
2,1
1,0
39,31
3,0
5,3
13,10
2,1
4,2
3,1
2,0
1,0
1,0
2,3
1,1
1,0
1,0
1,0
1,0
1,0
161,1090
2,1
1,0
1,0
1,0
3,2
1,0
1,0
1,0
1,0
3,0
1,0
1,0
1,0
65,31
1,0
1,0
1,0
1,0
1,0
1,0
1,0
4,2
3,2
8,2
2,1
1,3
1,0
2,1
1,0
1,0
74,16
1,0
1,1
6,3
33,17
6,13
30,16
7,3
4,1
4,3
7,7
4205,2797
1,0
5,2
5,1
1,0
2,0
1,0
1,0
1,0
1,0
1,0
1,0
1,0
3,0
1,0
1,0
1,0
6,1
3,0
7,3
2,4
66,29
10,17
3,32
1,0
14,51
1,19
4,0
5,3
3,0
2,16
3,0
1,0
2,2
1,0
158,107
1,0
1,0
1,0
1,0
1323,696
1,0
3,1
1,0
1,0
1,0
1,0
3,0
1,1
3,1
1,0
77,61
55,4
1,1
1,0
1,0
4,1
1,0
15,4
2,0
5,4
21,2
8,3
4,2
2,0
1,0
1,0
1,0
1,0
1,0
1,0
1,0
2,0
1,0
3,2
3,1
2,0
5,5
965,105
242,59
1,0
1,0
8,2
4,1
8,1
77,16
1,1
1,0
6,1
6,1
3,2
1,0
8,2
635,417
2,4
16,13
60,32
2,0
1,0
2,0
3,1
6,0
1,0
1,0
1,0
1,0
2,1
1,0
1,0
1,0
5,1
1,0
1,0
1,0
1,0
1,0
1,1
1,0
1,0
1,0
1,0
1,1
1,0
3,2
1,0
9,3
1,0
10,4
1,0
188,8
1,0
1,0
45,14
7,4
3,2
3,6
4,2
1,0
4,1
1,2
3,2
1,0
1,0
1,0
3,0
1,0
2,2
1,0
1,0
1,1
2,0
2,2
1,0
1,0
1,0
1,0
1,0
1,0
2,0
1,0
75,15
920,118
1,0
51,12
1,0
1,0
1,0
8,1
2,0
1,0
3,1
33,32
6,4
146,47
3,2
6,2
5,3
2,2
6,2
2,0
6,1
12,5
4,2
1,0
15,3
2,0
18,2
1,0
1,0
1,0
5,0
1,0
1,0
1,0
2,1
1,0
1,0
1,0
1,2
4,1
13,6
16,12
1,0
1,1
1,0
2,1
1,1
1,0
1,0
1,0
15,9
21,16
7,6
39,30
1,0
11,2
3,2
5,4
9,6
2,0
2,0
1,0
7,1
1,0
3,1
1,0
1,0
4,1
1,0
2,0
2,0
1,0
1,0
1,0
1,0
1,0
3,2
1,0
1,0
4,1
1,0
1,0
553,49
1,0
1,0
3,1
1,0
1,0
1,0
15,98
213,140
560,74
1,0
1,4
11,3
6,4
10,20
3,5
2,0
1,4
15,3
2,1
4,0
5,1
1,0
2,0
2,0
2,2
1,0
1,0
1,0
1,0
1,1
1,0
2,6
3,0
871,400
1,0
1,1
1,1
51,8
7,0
1,0
3,1
1,0
147,10
1,0
2,0
1,0
12,2
5,3
1,0
2,0
5,2
1,0
1,0
1,0
1,0
1,0
1,0
1,0
1,0
1,0
1,0
5,0
1,0
1,0
4,0
1,0
2,0
23,3
2,0
2,0
10,3
1,0
23,11
3,1
1,0
7,73
6,6
8,5
1,0
1,0
1,5
3,0
1,0
18,6
1,0
4,1
1,1
68,30
1,0
1,0
1,0
1,0
1,0
2,0
1,0
2,0
1,0
321,53
1,0
1,0
1328,304
1,0
1,0
5,0
31,4
1,0
1,0
8,14
1,0
534,345
10,1
1,0
2111,863
2,0
1,0
1,1
1,0
17,1
1,0
2,0
1,0
2,0
1,0
1,0
1,1
2,1
1,1
2,0
1,0
2,1
1,0
1,0
1,0
104,30
3,22
2,0
4,1
1,0
11,3
1,0
1,0
1,0
1,0
1,0
1,0
1,0
3,1
1,0
1,0
1,0
1,0
1,0
2,1
1,0
2,1
1,0
2,3
5,0
6,0
1,2
20,18
3,0
4,1
2,4
4,2
20,4
1,0
3,1
2,0
4,3
1,0
1,0
1,0
1,0
1,0
2,0
5,2
1,0
1,0
1,0
1,0
1,0
1,0
2,0
2,0
1,0
12,6
3,0
2,0
78,73
1,0
5,0
3,1
1,0
16,14
8,4
2,0
15,10
1,0
1,0
2,0
29,72
3,3
1,0
1,0
17,5
1,0
1,0
1,0
1,0
1,0
1,0
1,0
1,0
9,0
1,0
1,0
2,0
2,1
2,2
1,0
1,0
1,0
61,14
2,42
1,0
2,1
7,2
1,0
1,0
1,0
4,1
6,2
2,2
2,1
1,1
87,26
51,58
54,21
13,4
2,1
14,6
3,2
16,6
2,0
1,0
1,0
103,32
1,0
4,1
1,0
1,1
7,3
1,1
1,0
1,0
1,0
1,0
1,0
1,0
1,0
1,0
1,1
1,0
2,0
1,0
1398,554
2,1
1,0
2,1
3,0
1,0
2,0
19,3
11,5
5,9
42,18
4,2
15,16
1,0
1,2
1,0
2,0
4,1
26,29
1,0
1,0
1,0
1,0
1,0
1,1
1,0
1,0
1,1
1,0
1,0
1,0
1,0
1,0
36,6
2,1
1,0
289,15
1,0
1,0
1,0
1,0
3,1
1,0
1,0
1,0
1,0
37,10
7,4
46,8
4,2
2,0
8,4
3,2
1,0
2,0
1,0
1,0
1,0
1,0
17,0
1,0
1,0
1,0
1,0
1,0
2,1
1,0
1,0
2,0
1,1
2,1
2,0
1,0
66,26
3,0
2,0
1,0
6,8
2,2
3,17
7,6
8,4
1,0
1,1
3,0
3,2
1,0
1,0
2,0
1,0
1,0
2,2
4,3
1,0
2,1
1,0
3,1
1,1
1,1
1,0
1,0
1,0
2,0
8,3
6,10
7,8
2,0
1,0
11,5
9,5
28,19
19,30
4,8
1,0
4,2
2,0
1,0
1,0
90,31
1,0
1,0
36,7
1,0
1,0
1,0
1,0
7,2
1,0
4,1
2,0
1,0
142,130
67,51
1,0
16,8
1,0
7,1
2,0
1,0
19,9
4,1
1,0
3,1
2,1
1,0
1,0
1,0
1,0
1,0
1,0
2,0
1,0
1,0
1,0
4,0
1,0
3,1
1,0
3,0
1,0
1,0
1,1
78,7
7,1
16,4
9,1
63,6
12,2
109,70
6,3
1,0
2,0
4,2
2,0
4,1
2,1
2,0
1,0
1,0
1,0
1,0
1,0
1,0
60,44
1,0
1,0
29,11
2,1
7,1
1,1
1,0
3,2
1,0
2,0
1,0
6,7
1,4
7,1
1,1
16,11
9,3
2,1
8,2
3,3
2,0
3,1
7,2
3,3
1,0
1,0
2,1
1,0
1,0
1,0
1,0
1,0
7,0
1,0
1,0
1,0
3,3
1,0
1,0
2,0
17,11
2,1
1,0
1,0
1,0
65,15
1,0
1,1
1,0
2,0
3,1
2,0
49,32
32,24
7,4
64,12
1,0
29,9
2,1
2,2
15,6
14,12
1,0
1,0
2,1
6,1
1,0
1,0
1,0
1,0
1,0
3,0
1,0
3,0
1,0
1,0
1,1
1,1
1,0
1,0
6,3
1,0
1,0
1,1
1,0
1,0
4,0
272,29
2,0
25,1
1,0
2,0
21,10
4,2
345,172
10,4
1,0
3,0
13,3
1,0
4,1
2,0
2,0
1,0
1,0
3,1
1,0
1,0
1,0
2,1
4,0
1,1
1,0
1,1
1,1
3,1
1,0
1,0
91,11
1,0
1,0
1,0
1,0
22,4
2,2
8,3
6,4
2,2
1,0
2,0
2,2
2,0
3,0
1,0
2,0
3,1
1,0
1,1
1,0
1,0
1,0
1,0
1,0
1,0
1,0
4,6
1,0
1,0
1,0
5,3
2,1
1,1
1,0
1,3
4,0
18,13
8,6
3,0
23,17
3,3
2,0
1,0
1,0
1,0
5,4
3,1
2,0
2,0
13,1
1,0
1,0
1,0
1,0
1,0
2,0
2,5
2,0
1,0
1,0
1691,360
1,0
341,44
1,0
1,0
2,2
2,0
1,0
1,0
3,1
49,43
20,11
5,3
1,3
9,8
4,0
2,0
1,2
4,3
4,0
2,0
2,0
1,0
1,0
3,0
1,0
1,0
1,0
1,0
1,0
1,0
2,1
1,0
75,17
3,1
4,1
3,1
1,0
1,0
1,0
1,0
1,0
2,0
1,0
1,0
1,0
1,0
1,5
3,1
16,18
1,0
1,0
2,0
1,0
3,2
3,1
1,0
1,0
1,0
1,0
1,2
1,0
1,0
1,0
1,0
1,0
2,0
157,39
1,0
1,0
1,0
3,8
2,0
1,0
1,0
1,0
1,0
1,1
2,1
1,0
2,1
1,0
1,1
1,0
1,0
1,0
2,2
1,1
1,0
1,0
1,0
2,0
1,0
1,0
2,1
1,0
9,8
1,0
73,33
436,273
1,0
4,2
12,5
10,7
9,10
7,3
3,2
3,2
13,6
4,2
2,3
2,1
6,2
2,0
14,2
3,1
1,0
1,0
1,0
1,0
1,0
1,0
2,0
3,4
1,0
1,0
1,0
1,0
1,0
1,1
1,0
1,0
1,0
1,0
1,0
1,1
1,1
6,1
3,0
1,0
3,1
1,0
1,0
1,0
1,6
1,0
1,0
1,0
13,1
1,0
2,18
2,0
1,0
1,0
1,0
11,7
18,7
157,135
12,11
4,4
51,50
15,3
23,26
4,2
1,0
3,1
1,0
1,0
1,0
4,1
1,0
3,1
1,0
1,0
2,1
1,1
1,0
1,0
1,0
1,0
1,0
1,0
2,1
1,0
9,1
1,0
1,0
1,0
1,0
1,0
2,4
18,2
3,17
1,0
1,0
4,1
4,0
2,2
2,5
4,0
1,0
5,1
1,0
1,0
53,28
1,0
1,0
4,1
2,1
1,0
1,0
1,0
2,0
1,0
1,0
1,0
1,0
1,0
1,0
1,0
1,0
3,0
1,0
1,0
1,0
2,0
1,1
1,0
1,0
1,0
3,0
1,0
1,0
1,0
1,0
1,0
2,0
1,0
1,0
2,1
1,0
1,0
2,0
1,0
4,1
1,0
1,0
22,8
3,0
6,2
1,0
4,0
1,0
3,0
1,0
1,0
10,48
4,2
12,6
27,11
4,4
1,0
6,3
4,2
1,0
2,0
1,0
14,0
3,0
1,0
1,0
1,1
1,0
2,0
1,2
1,0
1,0
1,0
1,0
2,0
31,15
3,0
3,2
186,52
210,77
406,122
1,0
1,2
2,0
2,0
1,0
101,24
1,0
1,0
1,0
2,1
1,0
2,1
10,8
1,0
1,0
1,0
7,2
1,0
1,0
1,0
7,5
1,0
1,0
1,0
1,0
2,1
256,143
59,8
24,9
40,29
1,0
7,7
1,3
1,0
1,0
1,0
1,0
1,0
1,0
1,0
1,0
3,0
1,0
1,0
1,0
1,0
2,0
49,29
37,16
1,0
1,0
5,2
2,0
1,1
1,1
162,207
31,121
1,0
26,12
70,90
2,26
5,5
6,19
12,9
19,13
8,4
3,0
2,2
4,4
3,5
1,0
1,0
1,0
3,1
1,0
1,0
1,0
1,0
2,1
1,0
1,0
1,0
1,0
1,0
2,0
2,1
1,0
3,1
510,1324
2,0
1,0
1,0
2,0
1,0
1,0
1,0
2,0
1,0
5,0
1,0
1,0
2,1
6,2
12,3
2,0
2,0
1,0
3,1
1,0
6,2
12,44
17,5
70,24
5,3
3,1
1,3
1,2
2,0
2,0
4,2
5,5
2,1
4,1
2,0
1,0
1,0
1,1
1,0
1,0
3,0
1,0
1,0
1,0
1,0
1,0
1,0
5,6
1,0
1,0
1,0
6,1
37,8
1,0
1,0
13,7
3,0
1,0
2,1
66,16
1,0
2,0
1,3
1,8
6,4
3,0
3,1
1,0
3,3
5,5
3,0
1,0
3,1
1,1
28,21
1,0
1,0
2,0
2,1
2,0
2,0
1,0
41,10
6,3
1,1
3,1
1,0
1,0
4,1
3,0
4,0
1,0
19,2
12,2
1,2
12,7
2,3
8,6
82,52
7,0
2,2
1,0
4,3
3,1
1,0
4,0
1,0
1,0
1,0
1,0
1,0
1,0
1,0
3,1
1,0
1,1
1,0
2,0
1,0
1,0
1,0
6,4
1,0
2,1
3,0
3,1
2,0
1,0
2,0
1,0
1,0
1,0
1,0
2,0
12,6
1,0
1,1
312,126
5,3
1,0
1,0
1,0
44,3
1,1
1,0
16,57
3,5
11,5
12,11
35,22
1174,210
4,3
2,2
1,2
4,0
2,0
1,0
1,0
2,0
1,0
5,0
4,2
1,0
58,53
38,29
31,31
1,0
7,0
1,0
1,0
1,0
3,1
2,2
1,0
1,0
2,0
1,0
1,0
1,0
3,0
7,14
1,0
3,13
1,0
1,0
1,0
5,0
1,0
1,0
1,0
4,1
1,0
1,0
1,1
1,0
1,0
2,0
1,0
2,0
1,0
1,0
2,3
2,0
23,0
1,0
2,1
1,0
4,0
8,2
162,73
14,7
20,9
2,2
15,6
4,2
5,2
2,1
15,16
4,1
1,0
4,0
3,1
1,2
1,0
1,0
1,0
1,0
1,0
1,0
1,0
2,1
1,0
1,1
1,0
1,1
1,0
1,0
1,1
1,0
1,0
1,0
5,0
1,0
1,0
13,14
1,0
1,1
2,0
2,0
3,0
1,0
5,11
1,0
4,2
1,0
1,0
1,0
1,0
1,0
1,0
2,0
2,0
1,0
2443,1367
1,0
1,0
6,9
1,0
2,2
1,3
5,4
3,0
1,0
1,0
1,0
2,1
1,0
2,1
2,0
1,0
2,1
1,2
1,0
1,0
1,0
129,285
1,0
1,0
1,0
1,0
1,0
1,0
2,0
1,0
15,7
1,1
1,0
30,13
1,0
1,0
1,0
1,0
1,0
19,29
1,1
1,0
6,1
1,0
47,15
12,5
1,0
10,6
1,0
2,1
1,0
1,0
2,0
5,2
1,0
8,4
28,17
9,9
241,94
30,21
5,3
4,2
1,0
2,2
3,3
2,0
24,12
2,1
1,0
1,0
1,0
1,0
4,0
1,0
1,1
1,0
1,0
1,0
1,2
1,0
1,0
1,0
1,0
1,0
1,0
1,0
1,1
1,0
1,0
1,0
2,1
3,0
1,1
1,0
1,0
35,130
4,2
88,44
2,4
9,7
4,0
9,4
2,2
8,1
2,25
2,2
1,0
2,0
3,3
2,0
1,0
2,0
2,0
1,0
1,0
1,0
1,0
1,0
2,0
1,0
1,0
2,1
2,1
3,0
1,0
5,0
1,0
92,29
40,57
2,0
1,0
1,0
2,0
1,0
2,0
19,2
1,0
3,0
1,0
1,0
1,0
4,3
2,0
3,0
6,19
1,2
513,297
1,0
1,0
2,0
1,1
2,0
1,0
1,0
1,0
1,1
1,0
1,0
1,0
3,0
1,0
1,0
1,0
1,0
117,41
1,1
1,0
1,0
1,0
5,0
1,0
5,0
367,494
1,0
1,0
28,24
14,4
11,2
1,0
8,3
4,4
18,13
2,1
1,0
1,0
1,0
1,0
1,0
2,0
1,0
1,0
1,0
1,0
4,1
1,0
1,1
1,0
1,0
4,6
1,0
3,1
1,0
1,3
13,1
3,3
1,0
2,2
5,0
1,0
7676,3608
1,0
8,7
2,328
16,3
6,2
7,2
3,1
5,2
3,0
3,0
2,1
3,0
3,0
1,0
2,1
4,0
1,0
1,0
1,0
1,0
1,0
1,0
1,0
1,0
1,0
1,0
1,1
2,1
2,1
1,0
2,1
1,0
1,0
2,0
1,0
1573,341
2,0
1,0
1,0
47,289
10,2
6,3
3,5
1105,461
1,37
2,0
2,2
3,5
3,3
3,0
3,0
2,3
2,0
1,2
4,1
1,0
2,0
5,0
1,0
1,0
1,0
2,0
1,0
3,0
1,0
1,0
1,0
1,2
1,0
1,0
6,1
13,2
1,0
2,1
1,0
9,7
1,0
27,27
33,29
1,0
1,0
1,0
2,1
1,0
1,0
2,1
1,0
43,8
1,0
1,0
1,0
1,0
3,0
1,0
1,0
1,0
1,0
4518,2959
16,9
79,41
45,14
2,0
2,2
2,2
5,2
2,2
3,1
2,0
1,0
2,0
5,1
18,0
2,0
2,0
2,0
2,0
2,0
1,0
1,0
1,0
1,0
3,0
2,1
1,0
2,0
2,0
1,0
5,1
1,0
1,0
80,7
8,21
1,0
1,0
1,0
1,0
1,1
1,0
2,0
1,0
2,0
3,0
1,0
52,28
1,0
1,0
5,0
1,0
1,0
3,1
79,18
1,0
4,0
13,0
1,2
67,27
3,0
8,9
1,0
5,0
2,0
2,0
1,2
4,1
3,0
6,1
3,2
54,13
3,3
1,0
5,2
1,0
2,0
1,0
2,0
1,0
1,1
1,0
1,1
2,0
1,0
1,0
2,1
1,0
1,0
2,0
1,0
2,0
1,0
4,0
24,27
1,0
2,0
2,0
1,0
1,0
1,0
1,0
6,0
1,0
1,0
1,0
1,0
40,9
2,0
1,0
5,0
2,0
1,0
2,0
12,3
3,2
2,4
2,0
13,0
4,4
2,0
2,1
2,0
1,0
2,0
1,0
5,0
1,0
3,1
1,0
33,15
1,0
2,1
1,0
4,1
1,0
4,0
1,0
1,0
1,0
1,0
3,0
2,1
1,0
1,0
3,0
1,0
2,1
2,0
1,0
2,0
1,0
1,4
1,0
1,0
3,0
2,3
1,0
4,0
1,0
1,0
1,0
19,31
11,11
292,150
1,0
26,18
7,3
5,1
11,11
5,8
10,8
2,0
2,0
1,0
1,0
3,0
1,0
1,1
1,0
1,0
1,0
1,0
1,0
1,1
1,0
1,0
1,0
2,2
1,0
2,1
1,1
1,0
6,0
1,0
1,0
1,0
1,0
1,0
1,0
895,109
1,0
3,2
1,0
1,0
2,1
2,1
1,0
61,38
12,6
130,76
132,30
17,17
6,1
6,1
6,0
258,62
9,3
3,0
1,2
2,2
1,2
2,0
1,0
2,2
3,0
3,1
2,2
1,1
1,0
1,0
2,1
1,0
1,0
1,0
3,1
1,1
1,0
1,0
92,5
1,1
1,0
9,1
1,0
1,0
1,0
3,1
20,0
1,0
1,0
4,2
1,1
1,0
5,5
5,3
260,152
5,7
3,2
6,1
3,1
19,9
2,1
